avg	SDNN	SDSD	RMSSD	LF_HF_ratio	file_number
0.7295174126867238	0.08535941159470135	0.0549556882312071	0.0549569869582203	1.5231688591453307	30
