avg	SDNN	SDSD	RMSSD	LF_HF_ratio	file_number
0.6589785469603977	0.053502880337520896	0.03598398116779869	0.03598459263473202	1.4009901945054568	63
